department_code,attrition_rate
0,0.19047619047619047
1,0.1383975026014568
2,0.2062780269058296
